{
    "LA": [
        [
            1750233302.4303405,
            1750239842.4022124
        ],
        [
            1750247928.013709,
            1750255852.136691
        ],
        [
            1750670961.1278772,
            1750678317.75222
        ],
        [
            1750680260.2836943,
            1750681370.0081894
        ],
        [
            1750683968.3081353,
            1750687263.1720793
        ]
    ],
    "F2": [
        [
            1750257457.6901736,
            1750262531.9707344
        ],
        [
            1750488900.7844696,
            1750499162.4016335
        ],
        [
            1750689630.3009973,
            1750690802.4725745
        ],
        [
            1750691741.0463116,
            1750697011.6659267
        ],
        [
            1750754737.0621264,
            1750764197.0331595
        ],
        [
            1750771938.4446743,
            1750779212.4093132
        ],
        [
            1750781122.5552409,
            1750784521.3443732
        ],
        [
            1750927907.3146226,
            1750937447.4009714
        ],
        [
            1750939895.7005599,
            1750942072.930086
        ],
        [
            1750942607.0700822,
            1750953749.1456442
        ]
    ]
}